sku,name,category,cost_price,sell_price
E483466-000,Linen V Neck T,Women,15.96,39.9
E487277-000,Mini Short Sleeve T-Shirt Striped,Women,5.96,14.9
E484266-001,Mini T Striped,Women,7.96,19.9
E484001-000,Mini T,Women,7.96,19.9
E483458-000,Ultra Stretch Active T,Women,5.96,14.9
E465760-000,Mini Short Sleeve T-Shirt,Women,5.96,14.9
E484457-000,Rib Mini T,Women,5.96,14.9
E484047-000,Cap Sleeve T,Women,5.96,14.9
E424873-000,Crew Neck Short Sleeve T-Shirt,Women,5.96,14.9
E483576-000,Slub Jersey V Neck T,Women,5.96,14.9
E487668-000,Mercerized Cotton French Sleeve T,Women,3.16,7.9
E485799-000,Slub Cotton Crew Neck T,Women,5.96,14.9
E483461-000,Supima Cotton T,Women,5.96,14.9
E485300-000,AIRism Relaxed V Neck T,Women,7.96,19.9
E480054-000,AIRism Cotton T Striped,Women,5.96,14.9
E465755-000,AIRism Cotton Short Sleeve T-Shirt,Women,5.96,14.9
E485025-000,Pointelle Round Neck Mini T,Women,5.96,14.9
E483521-000,Waffle Full Open Mini T,Women,5.96,14.9
E465761-000,Linen Crew Neck Short Sleeve T-Shirt,Women,15.96,39.9
E476528-000,UNIQLO Logo T-Shirt,Unisex,7.96,19.9
E487669-000,Boat Neck Sleeveless T,Women,3.96,9.9
E484228-000,Pointelle Tank Top,Women,3.96,9.9
E484226-000,Front Open Shell Top T,Women,5.96,14.9
E483523-000,Gathered Camisole,Women,5.96,14.9
E485711-000,Soft Modal Camisole,Women,5.96,14.9
E485610-000,Soft Modal Sleeveless Top,Women,5.96,14.9
E484088-000,AIRism Bodysuit,Women,15.96,39.9
E474008-000,AIRism UV Protection Crew Neck T-Shirt Long Sleeve,Women,7.96,19.9
E487908-000,Ribbed Henley Neck T Long Sleeve,Women,7.96,19.9
E483536-000,Soft Ribbed T Long Sleeve Striped,Women,5.96,14.9
E465751-000,Soft Ribbed T-Shirt Long Sleeve,Women,5.96,14.9
E469765-000,HEATTECH Extra Warm Cashmere Blend Crew Neck Long Sleeve T-Shirt,Women,11.96,29.9
E469742-000,HEATTECH Crew Neck Long Sleeve T-Shirt,Women,7.96,19.9
E485455-000,Henley Neck T-Shirt,Unisex,7.96,19.9
E485454-000,Bicolour T-Shirt,Unisex,7.96,19.9
E484203-000,Raglan T-Shirt,Unisex,7.96,19.9
E487505-000,AIRism Cotton Striped T-Shirt Long Sleeve,Unisex,7.96,19.9
E484508-000,AIRism Cotton Oversized Striped T-Shirt,Unisex,7.96,19.9
E482301-000,V Neck T-Shirt,Unisex,5.96,14.9
E465193-000,AIRism Cotton Crew Neck Long Sleeve T-Shirt,Unisex,7.96,19.9
E465185-000,AIRism Cotton Crew Neck Oversized T-Shirt,Unisex,7.96,19.9
E457517-000,AIRism Cotton Sleeveless T-Shirt,Unisex,7.96,19.9
E484204-000,Sweat Half-Zip Pullover,Unisex,23.96,59.9
E484154-000,Half Zip Sweat Shirt,Women,15.96,39.9
E481040-000,Oversized Sweatshirt,Unisex,11.96,29.9
E475800-000,UNIQLO Logo Sweatshirt,Unisex,15.96,39.9
E475377-000,Sweatshirt,Unisex,15.96,39.9
E485735-000,Sweat Oversized Full-Zip Hoodie,Unisex,15.96,39.9
E471808-000,Sweat Oversized Hoodie,Unisex,15.96,39.9
E484398-000,Dry Stretch Sweat Jacket,Unisex,19.96,49.9
E475380-000,Sweat Full-Zip Hoodie,Unisex,19.96,49.9
E483551-000,Ultra Stretch Active Full Zip Jacket,Women,15.96,39.9
E479620-000,Sweat Wide Pants,Women,11.96,29.9
E483281-000,Ultra Stretch AIRism UV Protection Full-Zip Hoodie,Women,11.96,29.9
E485031-000,ZOOTOPIA Sweatshirt,Unisex,5.96,14.9
E480346-000,STUDIO GHIBLI Sweatshirt,Unisex,15.96,39.9
E484854-000,Sweat Straight Pants (Longer Length),Unisex,15.96,39.9
E484855-000,Sweat Straight Pants (Short Length),Unisex,19.96,49.9
E483285-000,Sweat Straight Pants (Regular Length),Unisex,19.96,49.9
E482758-000,Sweat Wide Shorts,Unisex,11.96,29.9
E475827-000,Ultra Stretch Sweat Shorts,Unisex,7.96,19.9
E451648-000,Sweat Pants (Co-ord),Unisex,11.96,29.9
E483960-000,Washable 3D Knit Pullover Hoodie,Unisex,23.96,59.9
E484399-000,Dry Stretch Sweat Pants,Unisex,15.96,39.9
E480800-000,Fleece Zip-Up Jacket,Women,11.96,29.9
E449753-000,Fluffy Yarn Fleece Full-Zip Long Sleeve Jacket,Unisex,11.96,29.9
E465707-000,AIRism Bra Camisole,Women,11.96,29.9
E485558-000,Square Neck Bra Camisole,Women,11.96,29.9
E482197-000,Ribbed Cropped Bra Top,Women,11.96,29.9
E473985-000,Ribbed Cropped Bra Top | American Sleeve,Women,11.96,29.9
E482181-000,AIRism Bra Sleeveless Top,Women,11.96,29.9
E484830-000,Racer Back Bra Top,Women,11.96,29.9
E485682-000,AIRism Bra T-Shirt,Women,7.96,19.9
E482330-000,V Neck Bra Top,Women,11.96,29.9
E483568-000,Ribbed Bra Dress Sleeveless,Women,15.96,39.9
E484485-000,POP MART UT - MOLLY (Short Sleeve Graphic T-Shirt),Women,7.96,19.9
E487992-000,mofusand UT (Short Sleeve Graphic T-Shirt),Women,7.96,19.9
E484492-000,Cheerful Characters UT (Short Sleeve Graphic T-Shirt),Women,7.96,19.9
E484463-000,Disney UT (Short Sleeve Graphic T-Shirt),Women,7.96,19.9
E484768-000,Magic For All Timeless UT (Short Sleeve Graphic T-Shirt),Women,3.96,9.9
E486830-000,BABYMONSTER UT (Short Sleeve Graphic T-Shirt),Women,3.96,9.9
E485347-000,miffy in bloom UT (Short Sleeve Graphic T-Shirt),Women,7.96,19.9
E484478-000,PEANUTS UT (Short Sleeve Graphic T-Shirt),Women,7.96,19.9
E485071-000,NY POP ART UT (Short Sleeve Graphic T-Shirt),Unisex,7.96,19.9
E486141-000,Mickey Mouse in Singapore UT (Short Sleeve Graphic T-Shirt),Unisex,7.96,19.9
E481430-001,Basquiat UV Protection Cap,Unisex,11.96,29.9
E480850-000,STUDIO GHIBLI UT (Short Sleeve Graphic T-Shirt),Unisex,7.96,19.9
E466377-000,PEACE FOR ALL F. Risso Short Sleeve T-Shirt,Unisex,7.96,19.9
E466374-000,PEACE FOR ALL Julian Opie Short Sleeve T-Shirt,Unisex,7.96,19.9
E461415-000,PEACE FOR ALL Keith Haring Short Sleeve T-Shirt,Unisex,7.96,19.9
E461325-000,PEACE FOR ALL Haruka Ayase Short Sleeve T-Shirt,Unisex,7.96,19.9
E459569-000,PEACE FOR ALL Magnum Photos Short Sleeve UT,Unisex,7.96,19.9
E459568-000,PEACE FOR ALL Daido Moriyama Short Sleeve T-Shirt,Unisex,7.96,19.9
E459567-000,PEACE FOR ALL Peanuts Short Sleeve T-Shirt,Unisex,7.96,19.9
E459564-000,PEACE FOR ALL Dick Bruna Short Sleeve UT,Unisex,7.96,19.9
E459562-000,PEACE FOR ALL Lisa Larson Short Sleeve T-Shirt,Unisex,7.96,19.9
E459561-000,PEACE FOR ALL Akamai Technologies Short Sleeve T-Shirt,Unisex,7.96,19.9
E457126-000,PEACE FOR ALL Tadao Ando Short Sleeve T-Shirt,Unisex,7.96,19.9
E457124-000,Kashiwa Sato UT (Short Sleeve Graphic T-Shirt),Unisex,7.96,19.9
E457122-000,PEACE FOR ALL Shingo Kunieda UT (Short Sleeve Graphic T-Shirt),Unisex,7.96,19.9
E457118-000,PEACE FOR ALL Gordon Reid Short Sleeve T-Shirt,Unisex,7.96,19.9
E457117-000,PEACE FOR ALL Shinya Yamanaka Short Sleeve T-Shirt,Unisex,7.96,19.9
E484287-000,PEACE FOR ALL Honjo Short Sleeve T-Shirt,Unisex,7.96,19.9
E483732-000,PEACE FOR ALL Ichiriki Short Sleeve T-Shirt,Unisex,7.96,19.9
E481931-000,PEACE FOR ALL Artemis Short Sleeve T-Shirt,Unisex,7.96,19.9
E476355-000,PEACE FOR ALL Magnum Photos (Short Sleeve Graphic T-Shirt),Unisex,7.96,19.9
E475763-000,PEACE FOR ALL Saul Leiter Short Sleeve T-Shirt,Unisex,7.96,19.9
E475762-000,PEACE FOR ALL Han Meilin Short Sleeve T-Shirt,Unisex,7.96,19.9
E475761-000,PEACE FOR ALL Tokujin Y Short Sleeve T-Shirt,Unisex,7.96,19.9
E474460-000,PEACE FOR ALL HANA TAJIMA Short Sleeve T-Shirt,Unisex,7.96,19.9
E472520-000,PEACE FOR ALL Takeshi Yoro Short Sleeve T-Shirt,Unisex,7.96,19.9
E472519-000,PEACE FOR ALL K. Hosseini Short Sleeve T-Shirt,Unisex,7.96,19.9
E472518-000,PEACE FOR ALL H. Kuiseko Short Sleeve T-Shirt,Unisex,7.96,19.9
E472517-000,PEACE FOR ALL Jason Polan Short Sleeve T-Shirt,Unisex,7.96,19.9
E471157-000,PEACE FOR ALL H&Dem Short Sleeve T-Shirt,Unisex,7.96,19.9
E468496-000,PEACE FOR ALL Ultraman Short Sleeve T-Shirt,Unisex,7.96,19.9
E466168-000,PEACE FOR ALL E. Moureaux Short Sleeve T-Shirt,Unisex,7.96,19.9
E457857-000,PEACE FOR ALL Hana Tajima UT (Short Sleeve Graphic T-Shirt),Unisex,7.96,19.9
E457130-000,PEACE FOR ALL JW Anderson UT (Short Sleeve Graphic T-Shirt),Unisex,7.96,19.9
E457129-000,PEACE FOR ALL Christophelemaire UT (Short Sleeve Graphic T-Shirt),Unisex,7.96,19.9
E457125-000,PEACE FOR ALL Kosuke Kawamura Short Sleeve T-Shirt,Unisex,7.96,19.9
E457111-000,PEACE FOR ALL Haruki Murakami Short Sleeve T-Shirt,Unisex,7.96,19.9
E483870-000,Premium Linen Shirt Long Sleeve Striped,Women,19.96,49.9
E475647-000,Premium Linen Shirt Long Sleeve,Women,19.96,49.9
E487477-000,Linen Blend Key Neck Blouse Short Sleeve,Women,15.96,39.9
E484256-000,Premium Linen Skipper Boxy Shirt,Women,15.96,39.9
E483884-000,Linen Blend Open Collar Shirt Short Sleeve Striped,Women,15.96,39.9
E483883-000,Linen Blend Open Collar Shirt Short Sleeve,Women,15.96,39.9
E483890-000,Linen Blend Blouse Sleeveless,Women,11.96,29.9
E485265-000,Oxford Boxy Shirt Long Sleeve Striped,Unisex,15.96,39.9
E484929-001,Oxford Boxy Shirt Long Sleeve Check,Unisex,7.96,19.9
E484928-000,Oxford Boxy Shirt Long Sleeve,Unisex,15.96,39.9
E484850-002,Oxford Boxy Shirt Short Sleeve Striped,Unisex,11.96,29.9
E484849-000,Oxford Boxy Shirt Short Sleeve,Unisex,11.96,29.9
E482823-000,Rayon Blouse Striped,Women,15.96,39.9
E479071-000,Rayon Blouse,Women,15.96,39.9
E482825-000,Rayon Skipper Collar Blouse 3/4 Sleeve Striped,Women,15.96,39.9
E479073-000,Rayon Skipper Collar Blouse 3/4 Sleeve,Women,15.96,39.9
E484798-001,Light Cotton Shirring Blouse,Women,15.96,39.9
E483767-000,Denim Relaxed Shirt Jacket,Women,15.96,39.9
E484184-000,Embroidery Blouse Half Sleeve,Women,15.96,39.9
E483881-000,Cotton Dobby V Neck Blouse,Women,11.96,29.9
E483877-000,Denim Boxy Shirt Half Sleeve,Women,11.96,29.9
E485584-001,Light Cotton Pintuck Blouse,Women,11.96,29.9
E484038-000,Stand Collar Shirt Long Sleeve,Women,19.96,49.9
E485772-000,Light Denim Oversized Shirt Long Sleeve,Unisex,7.96,19.9
E484905-000,Oxford Oversized Shirt Long Sleeve Striped,Unisex,15.96,39.9
E484245-000,Denim Shirt Long Sleeve,Unisex,15.96,39.9
E484244-000,Oxford Oversized Shirt Long Sleeve,Unisex,15.96,39.9
E482498-000,Boxy Shirt Short Sleeve,Unisex,15.96,39.9
E482454-000,Broadcloth Oversized Shirt Long Sleeve,Unisex,11.96,29.9
E470187-000,Flannel Regular Collar Long Sleeve Checked Shirt,Unisex,15.96,39.9
E470182-000,Flannel Long Sleeve Shirt,Unisex,15.96,39.9
E488721-000,Pique Mini Polo Shirt,Women,11.96,29.9
E485684-000,Washable Knitted Shirt Short Sleeve,Unisex,15.96,39.9
E485644-000,Cotton Pointelle Skipper Polo Sweater,Women,15.96,39.9
E485224-000,Polo Sweater Short Sleeve Colourblock,Women,11.96,29.9
E484607-000,Polo Sweater Short Sleeve,Women,11.96,29.9
E484023-000,Polo Sweater Short Sleeve Striped,Women,11.96,29.9
E484503-000,Smooth Cotton Polo Sweater Stripe,Women,7.96,19.9
E482971-000,Smooth Cotton Polo Sweater,Women,7.96,19.9
E480414-000,Washable Knit Ribbed Polo Sweater,Women,7.96,19.9
E485568-000,Dry Pique Striped Polo Shirt,Unisex,11.96,29.9
E485564-000,Dry Pique Polo Shirt,Unisex,11.96,29.9
E483959-000,Washable 3D Knit Polo Long Sleeve,Unisex,23.96,59.9
E485782-000,DRY-EX Polo Shirt,Unisex,11.96,29.9
E482306-000,DRY-EX Half-Zip Polo Shirt,Unisex,11.96,29.9
E483037-000,Utility Short Coat,Women,39.96,99.9
E482274-000,PUFFTECH Collarless Jacket,Women,11.96,29.9
E484032-000,Cotton Blend Short Blouson,Women,23.96,59.9
E484022-000,Windproof Short Parka,Women,15.96,39.9
E474175-000,Pocketable UV Protection Parka,Women,11.96,29.9
E479229-000,Cotton Blend Short Parka,Women,23.96,59.9
E469871-000,PUFFTECH Parka,Women,23.96,59.9
E483036-000,Tailored Jacket,Women,39.96,99.9
E484029-000,UV Protection Sheer Oversized Parka,Women,31.96,79.9
E486048-000,Linen Blend Coverall Striped,Women,15.96,39.9
E484110-000,Jersey Relaxed Jacket Denim,Women,11.96,29.9
E484109-000,Jersey Relaxed Jacket,Women,11.96,29.9
E483810-000,Open Collar Short Jacket,Women,19.96,49.9
E483807-000,Utility Short Jacket,Women,19.96,49.9
E482273-000,Linen Blend Coverall,Women,15.96,39.9
E479208-000,Zip Up Short Jacket,Unisex,23.96,59.9
E479751-000,PUFFTECH Jacket,Women,19.96,49.9
E484276-000,Premium Linen Vest,Women,23.96,59.9
E483762-000,Premium Linen Jacket,Women,51.96,129.9
E456261-000,AIRism Mesh UV Protection Full-Zip Long Sleeve Hoodie,Women,7.96,19.9
E478557-000,Double Breasted Jacket,Women,23.96,59.9
E487640-000,Utility Jacket Denim,Unisex,23.96,59.9
E484610-000,Harrington Jacket,Unisex,31.96,79.9
E484402-000,Denim Trucker Jacket,Unisex,19.96,49.9
E483819-000,Utility Jacket,Unisex,23.96,59.9
E477704-000,Miracle Air Blazer,Unisex,31.96,79.9
E478277-000,Hybrid Down Parka,Unisex,39.96,99.9
E479223-000,Trench Coat,Women,59.96,149.9
E484721-000,3D Knit Ribbed Sweater Sleeveless,Women,7.96,19.9
E482980-000,Scalloped V Neck Sweater,Women,5.96,14.9
E484073-000,Washable Button Down Knitted Vest,Women,11.96,29.9
E485574-000,Pointelle Crew Neck Sweater,Women,11.96,29.9
E484191-000,Cotton Crew Neck Sweater Short Sleeve,Women,15.96,39.9
E485223-000,UV Protection Crew Neck Sweater,Women,11.96,29.9
E482979-000,Boxy Knitted T-Shirt,Women,11.96,29.9
E484075-000,V Neck Sweater Short Sleeve,Women,19.96,49.9
E479672-000,Cashmere Crew Neck Short Cardigan,Women,39.96,99.9
E465734-000,Cashmere Long Sleeve Crew Neck Sweater,Women,39.96,99.9
E465735-000,Cashmere Turtle Neck Sweater,Women,31.96,79.9
E475053-000,Smooth Cotton Crew Neck Sweater,Unisex,19.96,49.9
E482973-000,Smooth Cotton V Neck Short Cardigan,Women,7.96,19.9
E481731-000,Washable Milano Ribbed Full-Zip Cardigan,Women,23.96,59.9
E485272-000,Cashmere Crew Neck Sweater,Unisex,39.96,99.9
E488123-000,Cable Crew Neck Cardigan,Women,15.96,39.9
E482978-000,Scalloped Crew Neck Cardigan,Women,7.96,19.9
E484193-000,Cotton Crew Neck Sweater Sleeveless,Women,15.96,39.9
E485717-000,Pointelle Cardigan Print,Women,5.96,14.9
E484939-000,Pointelle Cardigan,Women,5.96,14.9
E484505-000,UV Protection Crew Neck Cardigan,Women,15.96,39.9
E484938-000,Light V Neck Cardigan,Women,15.96,39.9
E453754-000,Washable Milano Ribbed Crew Neck Sweater,Unisex,19.96,49.9
E482969-000,Mini Cable Crew Neck Sweater,Women,15.96,39.9
E488391-000,Barrel Cargo Pants (Longer Length),Women,19.96,49.9
E487393-000,Barrel Cargo Pants,Women,19.96,49.9
E475344-000,Jersey Barrel Leg Pants (Regular Length),Unisex,19.96,49.9
E477345-000,Jersey Barrel Leg Pants (Longer Length),Unisex,19.96,49.9
E480740-000,Baggy Curve Jeans,Unisex,23.96,59.9
E480739-000,Baggy Curve Jeans (Longer Length),Unisex,23.96,59.9
E486325-000,Barrel Ankle Pants (Longer Length),Women,11.96,29.9
E479292-000,Smart Wide Pants (Regular Length),Women,19.96,49.9
E485993-000,Smart Wide Pants Stripe (Regular Length),Women,19.96,49.9
E485994-000,Smart Wide Pants Stripe (Longer Length),Women,19.96,49.9
E479293-000,Smart Wide Pants (Longer Length),Women,19.96,49.9
E484053-000,Premium Linen Pants,Women,31.96,79.9
E483041-000,Easy Wide Pants,Women,19.96,49.9
E484033-000,High Rise Straight Pants,Women,23.96,59.9
E484126-000,Linen Blend Straight Pants,Women,23.96,59.9
E483764-000,Low Rise Wide Jeans,Women,19.96,49.9
E486837-000,Baggy Jeans (Longer Length),Women,11.96,29.9
E483999-000,Baggy Jeans,Women,11.96,29.9
E483001-000,Easy Utility Pants,Women,15.96,39.9
E477869-000,Ultra Stretch Active Wide Pants (Longer Length),Women,7.96,19.9
E483002-000,Easy Utility Pants (Longer  Length),Women,15.96,39.9
E483042-000,Cotton Culotte,Unisex,19.96,49.9
E474481-000,Ultra Stretch Active Wide Pants (Regular Length),Women,7.96,19.9
E477868-000,Ultra Stretch Active Wide Pants (Shorter Length),Women,7.96,19.9
E486328-000,Nylon Culotte (Shorter Length),Women,19.96,49.9
E485593-000,Nylon Culotte (Regular Length),Women,19.96,49.9
E488694-000,Denim Culotte,Women,19.96,49.9
E484662-000,Pleated Wide Tapered Pants,Unisex,11.96,29.9
E484875-000,Barrel Pants,Unisex,19.96,49.9
E482883-000,Wide Fit Cargo Pants,Unisex,15.96,39.9
E484813-000,EZY Wide Straight Jeans (Longer Length),Women,23.96,59.9
E482281-000,EZY Wide Straight Jeans,Women,23.96,59.9
E482279-000,Straight Jeans (Regular Length),Women,23.96,59.9
E484811-000,Straight Jeans (Longer Length),Women,23.96,59.9
E484037-000,High Rise Regular Jeans,Women,23.96,59.9
E483512-000,Denim Shorts,Women,11.96,29.9
E484809-000,Boot Cut Jeans (Longer Length),Women,7.96,19.9
E484430-000,Ultra Stretch Skinny Jeans,Women,23.96,59.9
E455476-000,EZY Ultra Stretch Jeans (Regular Length),Unisex,23.96,59.9
E455471-000,Ultra Stretch Colour Jeans (Regular Length),Unisex,19.96,49.9
E473792-000,Linen Blend Easy Pants (Longer Length),Women,11.96,29.9
E473791-000,Linen Blend Easy Pants (Regular Length),Women,11.96,29.9
E481413-000,Cotton Relaxed Ankle Pants Denim (Longer Length),Women,7.96,19.9
E481412-000,Cotton Relaxed Ankle Pants Hickory (Longer Length),Women,7.96,19.9
E481411-000,Cotton Relaxed Ankle Pants (Longer Length),Women,7.96,19.9
E483899-000,Cotton Relaxed Denim Ankle Pants (Longer Length),Women,11.96,29.9
E483896-000,Cotton Relaxed Denim Ankle Pants (Regular Length),Women,11.96,29.9
E482243-000,Cotton Relaxed Ankle Pants (Regular Length),Women,11.96,29.9
E482245-000,Stretch Jersey Easy Pants,Women,11.96,29.9
E472601-000,Washable Knit Ribbed Pants (Co-ord) (Longer Length),Women,7.96,19.9
E470173-000,Washable Knit Ribbed Pants (Co-ord) (Regular Length),Women,7.96,19.9
E458462-000,Ultra Stretch Active Jogger Pants (Longer Length: 71-73cm),Women,11.96,29.9
E455942-000,Ultra Stretch Active Jogger Pants (Regular Length),Women,11.96,29.9
E483294-000,Ultra Stretch Active Shorts,Women,11.96,29.9
E479298-000,Smart Ankle Pants (Regular Length),Women,19.96,49.9
E484034-000,Easy Gathered Pants,Women,23.96,59.9
E484152-000,Track Pants,Women,19.96,49.9
E479404-000,Warm Lined Pants (Shorter Length),Women,11.96,29.9
E479403-000,Warm Lined Pants (Longer Length),Women,11.96,29.9
E479402-000,Warm Lined Pants (Regular Length),Women,23.96,59.9
E479407-000,Warm Stretch Pants,Women,11.96,29.9
E484605-000,Easy Pants Stripe,Women,11.96,29.9
E484604-000,Easy Pants Gingham Check,Women,11.96,29.9
E483910-000,Easy Pants Check,Women,11.96,29.9
E483908-000,Easy Pants Flower,Women,11.96,29.9
E479299-000,Smart Ankle Pants (Longer Length),Women,15.96,39.9
E486332-000,Ultra Stretch Cropped Leggings Pants,Women,11.96,29.9
E485675-000,Ultra Stretch Cropped Denim Leggings Pants,Women,11.96,29.9
E484931-000,Ultra Stretch Active Leggings Line,Women,3.96,9.9
E483546-000,Ultra Stretch Active Leggings,Women,7.96,19.9
E484127-000,Linen Blend Culotte,Women,19.96,49.9
E484598-000,Nylon Shorts,Women,11.96,29.9
E482172-000,Linen Cotton Shorts Striped,Women,7.96,19.9
E485575-000,Linen Blend Easy Shorts Stripe,Women,7.96,19.9
E485251-000,Linen Blend Easy Shorts,Women,7.96,19.9
E473696-000,Linen Cotton Shorts,Women,11.96,29.9
E483913-000,Cotton Easy Shorts Striped,Women,7.96,19.9
E483912-000,Cotton Easy Shorts Denim,Women,7.96,19.9
E482646-000,Cotton Easy Shorts,Women,7.96,19.9
E483295-000,Ultra Stretch Active Biker Shorts,Women,5.96,14.9
E485178-000,Jersey Pleated Long Shorts,Women,7.96,19.9
E485473-000,Slit Skort,Women,15.96,39.9
E480302-000,Pleated Skort,Women,15.96,39.9
E483548-000,Active Flare Skort,Women,11.96,29.9
E483293-000,Active Pleated Skort,Women,11.96,29.9
E484209-000,Jorts,Unisex,11.96,29.9
E485739-000,Easy Shorts Colour Block,Unisex,7.96,19.9
E484208-000,Easy Shorts,Unisex,7.96,19.9
E482937-000,Geared Shorts,Unisex,11.96,29.9
E481583-000,Stretch Easy Shorts Denim,Unisex,7.96,19.9
E481582-000,Stretch Easy Shorts,Unisex,7.96,19.9
E458325-000,Stretch Easy Shorts (Seersucker),Unisex,7.96,19.9
E485750-000,Linen Blend V Neck Dress,Women,23.96,59.9
E484787-000,Linen Blend Tiered Dress Stripe,Women,19.96,49.9
E482795-000,Linen Blend Mini Dress,Women,19.96,49.9
E482788-000,Linen Blend Tiered Dress,Women,19.96,49.9
E485446-000,Linen Blend Camisole Dress,Women,11.96,29.9
E483562-000,Cotton Flare Dress,Women,19.96,49.9
E484003-000,Oversized Bi Colour T Dress,Women,11.96,29.9
E483065-000,Cotton Volume Sleeve Dress,Women,19.96,49.9
E483822-000,Open Collar Oxford Shirt Dress,Women,15.96,39.9
E484186-000,Linen Blend Jumpsuit,Women,23.96,59.9
E484091-000,AIRism Cotton Relaxed Dress,Women,15.96,39.9
E484089-000,3D Cotton Knit Dress,Women,23.96,59.9
E485269-000,Jersey A Line Dress,Women,11.96,29.9
E482983-000,Combination Dress Sleeveless,Women,15.96,39.9
E482982-000,Ultra Stretch AIRism Dress,Women,11.96,29.9
E484823-000,Cotton Midi Skirt,Women,11.96,29.9
E483009-000,3D Knit Ribbed Skirt,Women,19.96,49.9
E481733-000,Washable Milano Ribbed Skirt,Women,19.96,49.9
E484913-000,Linen Blend Flare Skirt,Women,19.96,49.9
E485714-000,Mermaid Maxi Skirt Printed,Women,7.96,19.9
E484853-000,Mermaid Maxi Skirt,Women,7.96,19.9
E484706-000,Tiered Maxi Skirt Print,Women,19.96,49.9
E484705-000,Tiered Maxi Skirt Stripe,Women,19.96,49.9
E482286-000,Tiered Maxi Skirt,Women,19.96,49.9
E484824-000,Linen Blend Midi Skirt,Women,7.96,19.9
E483758-000,Satin Pajamas Short Sleeve Print,Women,11.96,29.9
E483757-000,Satin Pajamas Short Sleeve,Women,15.96,39.9
E483755-000,AIRism Cotton Pajamas Short Sleeve Print,Women,15.96,39.9
E482652-000,AIRism Cotton Pajamas Short Sleeve,Women,15.96,39.9
E482648-000,Drape Easy Shorts Print,Women,7.96,19.9
E484959-000,Shorts,Women,3.96,9.9
E482155-000,AIRism UV Protection T Long Sleeve,Women,7.96,19.9
E482148-000,AIRism Camisole,Women,5.96,14.9
E457912-000,AIRism Sleeveless Top,Women,5.96,14.9
E473944-000,AIRism Seamless Shorts Hiphugger,Women,3.16,7.9
E473945-000,AIRism Seamless Shorts (Just Waist),Women,3.16,7.9
E481036-000,AIRism Shaper Shorts Support Type,Women,5.96,14.9
E480785-000,AIRism Shaper Shorts Smooth Type,Women,5.96,14.9
E469836-000,HEATTECH Leggings,Women,7.96,19.9
E471601-000,HEATTECH Extra Warm Cashmere Blend Turtleneck Long Sleeve T-Shirt,Women,11.96,29.9
E480280-000,HEATTECH Cotton Crew Neck T-Shirt Extra Warm,Women,5.96,14.9
E481081-000,HEATTECH Cotton Leggings Extra Warm,Women,11.96,29.9
E478965-000,HEATTECH Ultra Warm Crew Neck T-Shirt,Women,5.96,14.9
E480966-000,HEATTECH Ultra Warm Leggings,Women,15.96,39.9
E482659-000,Wireless Bra 3D Hold,Women,11.96,29.9
E479194-000,Wireless Bra Stretch Hold,Women,7.96,19.9
E482662-000,Relax Wireless Bra,Women,11.96,29.9
E484897-000,Active Wireless Bra,Women,11.96,29.9
E484958-000,Square Neck Wireless Bra,Women,11.96,29.9
E484792-000,Hiphugger Briefs Line,Women,3.16,7.9
E482701-000,Hiphugger Briefs Strawberry,Women,3.16,7.9
E482699-000,Hiphugger Briefs Flower,Women,3.16,7.9
E482697-000,Hiphugger Briefs Stripe,Women,3.16,7.9
E480911-000,Hiphugger Briefs,Women,1.96,4.9
E482693-000,Middle Waist Briefs,Women,3.16,7.9
E480908-000,Middle Waist Briefs Gingham Check,Women,3.16,7.9
E480902-000,Middle Waist Briefs Pointail,Women,3.16,7.9
E482683-000,Just Waist Briefs,Women,3.16,7.9
E480893-000,Just Waist Briefs Lace,Women,3.16,7.9
E482716-000,Maternity Shorts Hiphugger,Women,5.16,12.9
E428755-000,Maternity Shorts (High Rise),Women,5.16,12.9
E467242-000,Maternity Leggings,Women,7.96,19.9
E473970-000,Footsies 3 Pairs Low Cut,Women,5.96,14.9
E473968-000,Footsies 3 Pairs,Women,5.96,14.9
E464392-000,Footsies 3 Pairs (Sports),Women,5.96,14.9
E464390-000,Footsies 3 Pairs (Mesh),Women,5.96,14.9
E485200-000,Short Socks 3 Pairs,Women,5.96,14.9
E482732-000,Short Socks 3 Pairs Pile Line,Women,5.96,14.9
E464384-000,Short Socks 3 Pairs (Sports),Women,5.96,14.9
E484406-000,Socks 3 Pairs Crew Pile Line,Women,5.96,14.9
E480704-000,Socks 3 Pairs,Women,5.96,14.9
E477076-000,Regular socks 3P (crew pile line),Women,5.96,14.9
E477074-000,Socks 3 Pairs Loose,Women,5.96,14.9
E467421-000,Regular Socks 3 Pairs Ribbed Pile,Women,5.96,14.9
E467322-000,Regular Socks 3 Pairs Crew Mellow,Women,5.96,14.9
E460431-000,Regular Socks 3 Pairs Ribbed,Women,5.96,14.9
E485173-000,Half Socks,Unisex,2.36,5.9
E485171-000,Socks,Unisex,2.36,5.9
E483050-000,Drawstring Bag,Unisex,11.96,29.9
E481663-000,Puffy Shoulder Bag,Women,11.96,29.9
E481630-000,Multi Pocket Shoulder Bag,Unisex,11.96,29.9
E481610-000,Round Mini Shoulder Bag,Women,7.96,19.9
E484086-000,Packable Pocket Cross-Body Bag,Unisex,7.96,19.9
E484085-000,Packable Shoulder Bag,Unisex,15.96,39.9
E484167-000,Roll Top Back Pack,Unisex,15.96,39.9
E481629-000,Multi Pocket Backpack,Unisex,15.96,39.9
E480059-000,Gift Bag,Unisex,1.56,3.9
E462191-000,Reusable Bag (Cotton),Unisex,1.56,3.9
E485677-000,Canvas Tote Bag,Women,15.96,39.9
E478307-000,UV Protection Cap,Unisex,11.96,29.9
E484339-000,Adjustable Crochet Hat,Women,11.96,29.9
E482816-000,UV Protection Reversible Bucket Hat,Unisex,11.96,29.9
E482655-000,UV Protection Pocketable Shade Hat,Women,15.96,39.9
E482085-000,UV Protection Cotton Linen Wide Brim Hat,Women,15.96,39.9
E473470-000,Vintage Belt,Women,15.96,39.9
E473471-000,Clean Belt,Women,15.96,39.9
E483727-000,Reversible Holeless Narrow Belt,Women,15.96,39.9
E481660-000,Holeless Belt,Women,15.96,39.9
E481623-000,Leather Mesh Belt,Unisex,15.96,39.9
E480159-000,Stitched Middle Width Belt,Women,11.96,29.9
E476854-000,Italian Leather Slide Buckle Belt,Unisex,15.96,39.9
E476853-000,Italian Leather Garrison Belt,Unisex,15.96,39.9
E481616-000,Rope Sandals,Women,15.96,39.9
E475346-000,Suede Combination Sneaker,Unisex,11.96,29.9
E482815-000,Square Flat Shoes,Women,19.96,49.9
E484166-000,Deck Shoes,Unisex,19.96,49.9
E485557-000,Sunglasses Wrap,Unisex,11.96,29.9
E485208-000,Sunglasses Deep Square,Unisex,11.96,29.9
E485008-001,Sunglasses Shield,Unisex,11.96,29.9
E484935-000,Sports Sunglasses Square,Unisex,11.96,29.9
E484934-000,Sunglasses Angular,Unisex,11.96,29.9
E484932-000,Sunglasses Bold Square,Unisex,11.96,29.9
E481649-000,Sunglasses Rectangle,Unisex,11.96,29.9
E481648-000,Sunglasses Narrow,Unisex,11.96,29.9
E481647-000,Sunglasses Double Bridge,Unisex,11.96,29.9
E481646-000,Sunglasses Big Square,Unisex,11.96,29.9
E481641-000,Sunglasses Metal Double Bridge,Unisex,11.96,29.9
E481640-000,Sunglasses Boston,Unisex,11.96,29.9
E481639-000,Sunglasses Wellington Folding,Unisex,11.96,29.9
E481638-000,Sunglasses Boston Combination,Unisex,11.96,29.9
E481637-000,Sunglasses Square,Unisex,11.96,29.9
E481636-000,Sunglasses Wellington,Unisex,11.96,29.9
E433776-000,UV Protection Compact Umbrella,Unisex,11.96,29.9
E477181-000,Cotton Linen Shirt Short Sleeve,Unisex,15.96,39.9
E483903-000,Linen Blend Easy Pants,Women,11.96,29.9
E482933-000,Premium Linen Wide Pants,Unisex,31.96,79.9
E485327-000,AIRism UV Protection Full-Zip Hoodie,Women,7.96,19.9
E481633-001,Keith Haring UV Protection Cap,Unisex,11.96,29.9
E483835-000,Short Blouson,Unisex,39.96,99.9
E484147-000,Skipper Polo Sweater,Unisex,19.96,49.9
E484084-000,Sweat Curved Pants,Unisex,19.96,49.9
E487962-000,Boxy Cropped T-Shirt,Unisex,5.96,14.9
E484603-000,Shirring Bra Camisole,Women,11.96,29.9
E488046-000,Disney/Pixar mini UT (Short Sleeve Graphic T-Shirt),Women,7.96,19.9
E488928-000,Monchhichi UT (Short Sleeve Graphic T-Shirt),Women,7.96,19.9
E488307-000,Ut,Women,7.96,19.9
E485724-000,Crochet V Neck Cardigan,Women,15.96,39.9
E482989-000,Crochet Knitted Camisole,Women,7.96,19.9
E487589-000,Cotton Volume Easy Pants,Women,11.96,29.9
E486964-000,Light Cotton Tiered Dress,Women,19.96,49.9
E484026-000,Cotton Shirring Dress,Women,19.96,49.9
E482790-000,Cotton Dobby Mini Dress,Women,19.96,49.9
E488719-000,Crochet Bucket Bag,Unisex,23.96,59.9
E486322-000,Crochet Tote Bag,Unisex,23.96,59.9
E484079-000,Tank Top,Men,7.96,19.9
E465189-000,Dry Ribbed Tank Top,Men,3.16,7.9
E474244-000,AIRism Cotton Crew Neck T-Shirt,Men,5.96,14.9
E454315-000,AIRism Cotton Crew Neck Short Sleeve T-Shirt,Men,5.96,14.9
E455365-000,Supima Cotton Crew Neck Short Sleeve T-Shirt,Men,7.96,19.9
E483970-000,DRY-EX T-Shirt Patterned,Men,7.96,19.9
E482299-000,DRY-EX T-Shirt,Men,7.96,19.9
E484803-000,Dry Waffle Crew Neck T-Shirt,Men,7.96,19.9
E483924-000,Dry Waffle Henley Neck T-Shirt,Men,7.96,19.9
E475376-000,Dry V Neck T-Shirt,Men,3.16,7.9
E465187-000,Dry Colour Crew Neck Short Sleeve T-Shirt,Men,3.16,7.9
E427917-000,Dry Crew Neck Short Sleeve Colour T-Shirt,Men,3.16,7.9
E481004-000,Washable Milano Ribbed Knitted T-Shirt,Men,11.96,29.9
E484080-000,Washed Cotton Crew Neck T-Shirt Long Sleeve,Men,11.96,29.9
E465203-000,DRY-EX UV Protection Full-Zip Hoodie,Men,11.96,29.9
E475378-000,Sweat Pullover Hoodie,Men,7.96,19.9
E486162-000,The Super Mario Galaxy Movie UT (Short Sleeve Graphic T-Shirt),Men,7.96,19.9
E486157-000,TATE UT (Short Sleeve Graphic T-Shirt),Men,7.96,19.9
E487573-000,MANGA 100th UT - KINNIKUMAN (Short Sleeve Graphic T-Shirt),Men,7.96,19.9
E487572-000,MANGA 100th UT - Saint Seiya Knights of the Zodiac (Short Sleeve Graphic T-Shirt),Men,7.96,19.9
E487571-000,MANGA 100th UT - Captain Tsubasa (Short Sleeve Graphic T-Shirt),Men,7.96,19.9
E487566-000,MANGA 100th UT - GOLDEN KAMUY (Short Sleeve Graphic T-Shirt),Men,7.96,19.9
E487564-000,MANGA 100th UT - KINGDOM (Short Sleeve Graphic T-Shirt),Men,7.96,19.9
E487560-000,MANGA 100th UT - Jujutsu Kaisen (Short Sleeve Graphic T-Shirt),Men,7.96,19.9
E487558-000,MANGA 100th UT - YuYu Hakusho (Short Sleeve Graphic T-Shirt),Men,7.96,19.9
E484778-000,MANGA 100th UT - HUNTER x HUNTER (Short Sleeve Graphic T-Shirt),Men,7.96,19.9
E486152-000,Louvre UT (Short Sleeve Graphic T-Shirt),Men,7.96,19.9
E485467-000,Elliott Erwitt UT (Short Sleeve Graphic T-Shirt),Men,7.96,19.9
E485487-000,MoMA Poster Art Collection UT (Short Sleeve Graphic T-Shirt),Men,7.96,19.9
E487966-000,Pokemon UT (Short Sleeve Graphic T-Shirt),Men,7.96,19.9
E487807-000,Magic For All Icons UT (Short Sleeve Graphic T-Shirt),Men,7.96,19.9
E485253-000,ZOOTOPIA UT (Short Sleeve Graphic T-Shirt),Men,3.96,9.9
E485077-000,UKIYO-E UT (Short Sleeve Graphic T-Shirt),Men,7.96,19.9
E484663-003,PEANUTS Coach Jacket,Men,11.96,29.9
E485498-000,PEACE FOR ALL JW ANDERSON Short Sleeve T-Shirt,Men,7.96,19.9
E480815-000,PEACE FOR ALL Koji Yakusho Short Sleeve T-Shirt,Men,7.96,19.9
E480814-000,PEACE FOR ALL Akamai Short Sleeve T-Shirt,Men,7.96,19.9
E479184-000,PEACE FOR ALL Ichiro Suzuki Short Sleeve T-Shirt,Men,7.96,19.9
E479183-000,PEACE FOR ALL Kashiwa Sato Short Sleeve T-Shirt,Men,7.96,19.9
E479182-000,PEACE FOR ALL Pablo Picasso Short Sleeve T-Shirt,Men,7.96,19.9
E482303-000,AIRism Cotton Pique Full Open Polo Shirt,Men,11.96,29.9
E475367-000,AIRism Cotton Pique Polo Shirt,Men,11.96,29.9
E455388-000,Dry Pique Short Sleeve Polo Shirt,Unisex,7.96,19.9
E482328-000,Washable Knitted Skipper Polo Sweater,Men,11.96,29.9
E476997-000,Washable Knitted Polo Sweater Short Sleeve,Men,7.96,19.9
E483972-000,DRY-EX Polo Shirt Patterned,Men,11.96,29.9
E457428-000,Premium Linen Long Sleeve Shirt,Men,19.96,49.9
E474529-000,Cotton Linen Stand Collar Shirt,Men,11.96,29.9
E482439-000,Cotton Linen Stand Collar Long Sleeve Shirt,Men,11.96,29.9
E482443-000,Cotton Linen Shirt Jacket Long Sleeve,Men,19.96,49.9
E485131-000,Premium Linen Oversized Shirt Short Sleeve,Men,19.96,49.9
E450259-000,Oxford Long Sleeve Shirt,Men,15.96,39.9
E452298-000,Oxford Shirt Long Sleeve (Striped),Men,11.96,29.9
E485323-000,Oxford Shirt Short Sleeve,Men,7.96,19.9
E485653-000,Broadcloth Shirt Long Sleeve,Men,15.96,39.9
E485652-000,Broadcloth Shirt Long Sleeve Check,Men,15.96,39.9
E482466-000,Broadcloth Shirt Long Sleeve Striped,Men,11.96,29.9
E450260-000,Extra Fine Cotton Broadcloth Long Sleeve Shirt,Unisex,15.96,39.9
E484136-000,Work Oversized Shirt Long Sleeve,Men,19.96,49.9
E484246-000,Chambray Oversized Shirt Short Sleeve,Men,11.96,29.9
E482452-000,Chambray Overshirt Long Sleeve,Men,7.96,19.9
E482483-000,Open Collar Shirt Short Sleeve Printed,Men,15.96,39.9
E482479-000,Open Collar Shirt Short Sleeve,Men,15.96,39.9
E481224-000,Flannel Checked Shirt Long Sleeve,Men,5.96,14.9
E473297-000,Super Non Iron Slim Fit Shirt Long Sleeve Checked (Spread),Men,19.96,49.9
E467483-000,Super Non Iron Striped Long Sleeve Shirt (Spread),Men,19.96,49.9
E456592-000,Super Non Iron Slim Fit No Pocket Long Sleeve Shirt (Spread),Men,19.96,49.9
E456588-000,Super Non Iron Slim Fit No Pocket Long Sleeve Shirt (Button-down),Men,19.96,49.9
E462336-000,Super Non Iron Slim Fit Shirt Long Sleeve (Regular),Men,19.96,49.9
E478007-000,Super Non Iron Slim Fit Shirt Long Sleeve (Spread),Men,19.96,49.9
E478003-000,Super Non Iron Slim Fit Shirt Long Sleeve (Button-down),Men,19.96,49.9
E477177-000,Super Non Iron Jersey Slim Fit Long Sleeve Shirt Striped (Regular),Men,19.96,49.9
E473535-000,Super Non Iron Jersey Slim Fit Long Sleeve Shirt (Regular),Men,19.96,49.9
E473533-000,Super Non Iron Jersey Slim Fit Long Sleeve Shirt (Striped),Men,19.96,49.9
E485693-000,Super Non Iron Jersey Slim Fit Shirt Long Sleeve (Regular),Men,19.96,49.9
E478009-000,Super Non Iron Slim Fit Shirt Long Sleeve,Men,19.96,49.9
E484249-000,Zip Up Blouson,Men,23.96,59.9
E484247-000,Windproof Stand Blouson,Men,31.96,79.9
E483832-000,Light Weight Parka,Men,19.96,49.9
E483834-000,Utility Parka,Men,51.96,129.9
E482216-000,Reversible Parka,Men,23.96,59.9
E484882-000,Full Zip Over Shirt,Men,11.96,29.9
E483829-000,Premium Linen Shirt Jacket,Men,39.96,99.9
E480411-000,Ultra Stretch Active Jacket,Men,7.96,19.9
E483836-000,Relax Fit Jacket,Men,39.96,99.9
E484403-000,Milano Rib Jacket,Men,19.96,49.9
E470077-000,Seamless Down Parka,Men,59.96,149.9
E468671-000,Miracle Air Jacket (Airsense Jacket) (Wool Like) (Co-ord),Men,31.96,79.9
E448034-000,Miracle Air Jacket (AirSense Jacket) (Wool Like) (Co-ord),Men,31.96,79.9
E483831-000,Blocktech Coat,Men,51.96,129.9
E478270-000,PUFFTECH Vest,Men,23.96,59.9
E450543-000,Cashmere Crew Neck Long Sleeve Sweater,Men,39.96,99.9
E484150-000,Crew Neck Sweater,Men,19.96,49.9
E485612-000,Washable Knitted Polo Sweater Striped,Men,11.96,29.9
E481727-000,Knitted V Neck Cardigan,Men,15.96,39.9
E482942-000,Cargo Shorts,Men,11.96,29.9
E482944-000,Chino Shorts,Men,11.96,29.9
E478265-000,Stretch Slim Fit Shorts Satin,Men,11.96,29.9
E455533-000,Stretch Slim Fit Shorts,Men,11.96,29.9
E470631-000,Miracle Air Shorts,Men,15.96,39.9
E482951-000,Miracle Air Shorts Pattern,Men,15.96,39.9
E482965-000,Pleated Wide Shorts,Men,11.96,29.9
E487905-000,AIRism Cotton Easy Shorts,Men,7.96,19.9
E482873-000,Wide Straight Colour Jeans,Men,15.96,39.9
E482869-000,Baggy Jeans Long,Men,23.96,59.9
E473319-000,Wide Straight Jeans (Longer Length),Men,7.96,19.9
E482874-000,Wide Tapered Jeans,Men,23.96,59.9
E485679-000,Slim Straight Jeans,Men,23.96,59.9
E480355-000,Ultra Stretch Jeans (Regular Length),Men,7.96,19.9
E475547-000,Slim Fit Jeans,Men,7.96,19.9
E477153-000,EZY Ultra Stretch Jeans (Longer Length),Men,23.96,59.9
E482870-000,Ultra Stretch Colour Jeans,Men,19.96,49.9
E457575-000,Ultra Stretch Colour Jeans (Longer Length),Men,7.96,19.9
E485738-000,Straight Jeans,Men,23.96,59.9
E485737-000,Straight Jeans Selvedge,Men,23.96,59.9
E463820-000,Miracle Air Pants (Cotton Like) (Length: 76・85cm) (Co-ord),Men,19.96,49.9
E447780-000,Miracle Air Pants (Wool Like) (Length: 76・85cm) (Co-ord),Men,19.96,49.9
E450251-000,Slim Fit Chino Pants,Men,19.96,49.9
E482880-000,Regular Chino Pants,Men,19.96,49.9
E485495-000,Ultra Stretch Active Tapered Pants (Longer Length),Men,7.96,19.9
E465491-000,Ultra Stretch Active Tapered Pants (Regular Length),Men,7.96,19.9
E477837-000,Ultra Stretch Pants (Longer Length),Men,19.96,49.9
E475598-000,Ultra Stretch Pants (Regular Length),Men,19.96,49.9
E485744-000,Ultra Stretch Active Jogger Pants,Men,11.96,29.9
E484093-000,Pleated Wide Pants,Men,23.96,59.9
E479382-000,Geared Pants,Men,15.96,39.9
E479134-000,Stretch Easy Ankle Pants,Men,11.96,29.9
E482920-000,Linen Blend Relaxed Pants,Men,19.96,49.9
E461420-000,Stretch Easy Ankle Pants Denim,Men,11.96,29.9
E482887-000,Smart Ankle Pants,Men,19.96,49.9
E484784-000,Stretch Easy Ankle Pants Seersucker,Men,11.96,29.9
E482259-000,Linen Blend Easy Ankle Pants,Men,11.96,29.9
E473177-000,Jersey Easy Cargo Pants,Men,7.96,19.9
E454312-000,AIRism Crew Neck Short Sleeve T-Shirt,Men,5.96,14.9
E464310-000,AIRism Anti Odour Mesh Tank Top,Men,5.96,14.9
E482514-000,AIRism Crew Neck T-Shirt Short Sleeve,Men,5.96,14.9
E482510-000,AIRism V Neck T-Shirt Short Sleeve,Men,5.96,14.9
E454311-000,AIRism V Neck T-Shirt (Short Sleeve),Men,5.96,14.9
E482558-000,AIRism Seamless Boxer Briefs,Men,5.96,14.9
E456710-000,AIRism Ultra Seamless Boxer Briefs,Men,5.96,14.9
E456675-000,AIRism Boxer Briefs,Men,3.96,9.9
E461013-000,HEATTECH Tights,Men,7.96,19.9
E481442-000,HEATTECH Extra Warm Cashmere Blend Turtle Neck T-Shirt,Men,11.96,29.9
E481441-000,HEATTECH Extra Warm Cashmere Blend Crew Neck T-Shirt,Men,11.96,29.9
E479467-000,HEATTECH Extra Warm Cotton Tights,Men,11.96,29.9
E479525-000,HEATTECH Ultra Warm Crew Neck T,Men,15.96,39.9
E479538-000,HEATTECH Ultra Warm Tights,Men,15.96,39.9
E482604-000,Briefs,Men,3.16,7.9
E487650-000,Cotton Boxer Briefs,Men,3.16,7.9
E482602-000,Cotton Boxer Briefs (Low Rise),Men,3.16,7.9
E479503-000,Cotton Boxer Briefs Low Rise Striped,Men,3.16,7.9
E479502-000,Cotton Boxer Briefs Low Rise,Men,3.16,7.9
E474213-000,Cotton Boxer Briefs Regular Rise,Men,3.16,7.9
E483996-000,Woven Trunks,Men,3.16,7.9
E439661-000,Woven Broadcloth Trunks,Men,3.16,7.9
E479488-000,Woven Trunks Gingham Checked,Men,3.16,7.9
E479487-000,Woven Trunks Mini Striped,Men,3.16,7.9
E485005-000,Sports Short Socks,Men,2.36,5.9
E485004-000,Short Socks Slub,Men,2.36,5.9
E485003-000,Short Socks Pile Lined,Men,2.36,5.9
E481091-000,Sports Short Socks Pile Lined,Men,2.36,5.9
E471972-000,Low Cut Socks (Middle Cut),Men,2.36,5.9
E471955-000,Short Socks (Pile Lined),Men,2.36,5.9
E471954-000,Short Socks (Layered),Men,2.36,5.9
E469996-000,Low Cut Socks,Men,2.36,5.9
E462233-000,Low Cut Socks (Pile),Men,2.36,5.9
E462220-000,Sports Short Socks (Pile Lined ),Men,2.36,5.9
E485007-000,Half Socks Striped,Men,2.36,5.9
E485006-000,Half Socks Pique,Men,2.36,5.9
E482638-000,Sports Half Socks,Men,2.36,5.9
E482633-000,Half Socks Melange,Men,2.36,5.9
E479547-000,Half Socks Ribbed,Men,2.36,5.9
E471968-000,Half Socks (Pile),Men,2.36,5.9
E485002-000,Socks Pile Lined,Men,2.36,5.9
E482620-000,Socks Dotted,Men,2.36,5.9
E482611-000,Socks Ribbed,Men,2.36,5.9
E482606-000,Colourful 50 Socks,Men,1.56,3.9
E471951-000,Socks (Pile),Men,2.36,5.9
E471947-000,Socks (Pile Lined),Men,2.36,5.9
E470960-000,Socks Soft Fit,Men,2.36,5.9
E457288-000,Supima Cotton Wide Ribbed Socks,Men,2.36,5.9
E452029-000,Argyle Socks,Men,2.36,5.9
E441897-000,Supima Cotton Pique Socks,Men,2.36,5.9
E476968-000,Short Socks Melange,Men,1.16,2.9
E462216-000,Ribbed Short Socks,Men,2.36,5.9
E457267-000,Short Socks (Pile) (Mesh),Men,2.36,5.9
E463730-000,Italian Oiled Leather Belt,Men,15.96,39.9
E463729-000,Italian Leather Stitched Belt,Men,15.96,39.9
E470008-000,Leather Combination Mesh Belt,Men,15.96,39.9
E484783-000,Leather Combination Striped Belt,Men,15.96,39.9
E484330-000,Combination Sneaker,Men,19.96,49.9
E481358-000,Knitted Active Sneaker,Men,15.96,39.9
E487922-000,BLUE LOCK UT (Short Sleeve Graphic T-Shirt),Men,7.96,19.9
E486149-000,Star Wars UT (Short Sleeve Graphic T-Shirt),Men,7.96,19.9
E488735-000,Musical Icons UT (Short Sleeve Graphic T-Shirt) (Cats),Men,7.96,19.9
E488734-000,Musical Icons UT (Short Sleeve Graphic T-Shirt) (Les Misérables),Men,7.96,19.9
E488733-000,Musical Icons UT (Short Sleeve Graphic T-Shirt) (Wicked),Men,7.96,19.9
E482773-000,Musical Icons UT (Short Sleeve Graphic T-Shirt) (The Phantom of the Opera),Men,7.96,19.9
E485667-000,Ukiyo-e Animals UT (Short Sleeve Graphic T-Shirt),Men,7.96,19.9
E485743-000,TOYOTA UT (Short Sleeve Graphic T-Shirt),Men,7.96,19.9
E488262-000,MANGA 100th UT - Coji-Coji (Short Sleeve Graphic T-Shirt),Men,7.96,19.9
E488260-000,MANGA 100th UT - Chibi Maruko-chan (Short Sleeve Graphic T-Shirt),Men,7.96,19.9
E488258-000,MANGA 100th UT - Kaguya-sama: Love Is War (Short Sleeve Graphic T-Shirt),Men,7.96,19.9
E488257-000,MANGA 100th UT - Oshi no Ko (Short Sleeve Graphic T-Shirt),Men,7.96,19.9
E488256-000,MANGA 100th UT - Sakamoto Days (Short Sleeve Graphic T-Shirt),Men,7.96,19.9
E488254-000,MANGA 100th UT - NARUTO (Short Sleeve Graphic T-Shirt),Men,7.96,19.9
E488250-000,MANGA 100th UT - One Piece (Short Sleeve Graphic T-Shirt),Men,7.96,19.9
E487574-000,MANGA 100th UT - Kochira Katsushikaku Kamearikoenmae Hashutsujo (Short Sleeve Graphic T-Shirt),Men,7.96,19.9
E487570-000,MANGA 100th UT - GANTZ (Short Sleeve Graphic T-Shirt),Men,7.96,19.9
E487568-000,MANGA 100th UT - Rurouni Kenshin (Short Sleeve Graphic T-Shirt),Men,7.96,19.9
E488270-000,PEACE FOR ALL TOHO Short Sleeve T-Shirt,Men,7.96,19.9
E488269-000,PEACE FOR ALL TORAY Short Sleeve T-Shirt,Men,7.96,19.9
E487538-000,PEACE FOR ALL Kuriyama Short Sleeve T-Shirt,Men,7.96,19.9
E489591-000,Cargo Pants,Men,19.96,49.9
E482268-000,UV Protection Compact Umbrella Heat Block,Men,15.96,39.9
E484353-000,GIRLS Ribbed T-Shirt,Kids,5.96,14.9
E484066-000,GIRLS Puff Sleeve T-Shirt Shirring,Kids,5.96,14.9
E484065-000,GIRLS Ribbed T-Shirt Striped,Kids,5.96,14.9
E483396-000,GIRLS Puff Sleeve T-Shirt Embroidery,Kids,5.96,14.9
E483416-000,KIDS AIRism Cotton Graphic Crew Neck T-Shirt,Kids,5.96,14.9
E483436-000,KIDS Dry Pique Polo Shirt,Kids,5.96,14.9
E483426-000,KIDS AIRism Cotton Striped Crew Neck T-Shirt,Kids,5.96,14.9
E474592-000,KIDS AIRism Cotton Crew Neck T-Shirt,Kids,5.96,14.9
E483430-000,KIDS DRY-EX V-Neck T-Shirt,Kids,5.96,14.9
E483428-000,KIDS DRY-EX Crew Neck T-Shirt Print,Kids,5.96,14.9
E483717-000,KIDS AIRism UV Protection Full Zip Hoodie,Kids,9.96,24.9
E485687-000,KIDS AIRism Graphic Cotton Crew Neck T Long Sleeve,Kids,3.96,9.9
E482984-000,KIDS AIRism Cotton Crew Neck T-Shirt Long Sleeve,Kids,3.96,9.9
E474832-000,KIDS AIRism Cotton Crew Neck T Long Sleeve,Kids,3.96,9.9
E478628-000,KIDS HEATTECH Extra Warm Cotton Crew Neck T-Shirt,Kids,7.96,19.9
E483409-000,KIDS Open Collar Shirt Short Sleeve Print,Kids,5.96,14.9
E483408-000,KIDS Linen Blend Open Collar Shirt Short Sleeve,Kids,5.96,14.9
E483443-000,KIDS Dry Sweat Full Zip Hoodie,Kids,11.96,29.9
E480343-000,GIRLS Dry Sweat Curve Pants,Kids,9.96,24.9
E478139-000,KIDS Dry Sweat Pants,Kids,9.96,24.9
E483711-000,KIDS The Super Mario Galaxy Movie UT (Short Sleeve Graphic T-Shirt),Kids,5.96,14.9
E483368-000,GIRLS POP MART UT - MOLLY (Short Sleeve Graphic T-Shirt),Kids,5.96,14.9
E487386-000,KIDS Mickey Mouse in Singapore UT (Short Sleeve Graphic T-Shirt),Kids,5.96,14.9
E485490-000,GIRLS PEANUTS UT (Short Sleeve Graphic T-Shirt),Kids,5.96,14.9
E483376-000,GIRLS mofusand UT (Short Sleeve Graphic T-Shirt),Kids,5.96,14.9
E483674-000,KIDS Pokemon UT (Short Sleeve Graphic T-Shirt),Kids,5.96,14.9
E484217-000,KIDS Magic For All Icons UT (Short Sleeve Graphic T-Shirt),Kids,5.96,14.9
E485332-000,KIDS Jason Polan UT (Short Sleeve Graphic T-Shirt),Kids,5.96,14.9
E483683-000,KIDS Minecraft UT (Short Sleeve Graphic T-Shirt),Kids,5.96,14.9
E483666-000,KIDS NY POP ART UT (Short Sleeve Graphic T-Shirt),Kids,5.96,14.9
E480345-000,KIDS STUDIO GHIBLI UT (Short Sleeve Graphic T-Shirt),Kids,5.96,14.9
E480861-000,KIDS Pocketable UV Protection Parka,Kids,7.96,19.9
E478123-000,KIDS PUFFTECH Washable Parka,Kids,19.96,49.9
E484846-000,KIDS Jersey Work Jacket,Kids,7.96,19.9
E483508-000,KIDS EZY Regular Fit Jeans,Kids,7.96,19.9
E477654-000,KIDS Wide Fit Straight Jeans Pull-On,Kids,5.96,14.9
E477653-000,KIDS Wide Fit Straight Jeans Denim Pull-On,Kids,9.96,24.9
E475770-000,KIDS Wide Fit Straight Jeans Denim Zip-Fly,Kids,9.96,24.9
E465163-000,KIDS Ultra Stretch AIRism Jogger Pants,Kids,9.96,24.9
E484717-000,KIDS Cargo Jogger Pants Chambray,Kids,9.96,24.9
E483502-000,KIDS Cargo Jogger Pants,Kids,9.96,24.9
E480841-000,KIDS Stretch Easy Pants Denim,Kids,7.96,19.9
E479575-000,KIDS Stretch Easy Pants,Kids,7.96,19.9
E483507-000,KIDS Linen Blend Wide Easy Pants,Kids,9.96,24.9
E480327-000,KIDS Warm Lined Pants,Kids,11.96,29.9
E485162-000,KIDS Dry Sweat Cargo Pants,Kids,9.96,24.9
E484920-000,GIRLS Easy Shorts Chambray,Kids,5.96,14.9
E483510-000,KIDS Easy Shorts Denim,Kids,5.96,14.9
E483395-000,GIRLS Easy Shorts,Kids,5.96,14.9
E465112-000,KIDS Easy Shorts (Twill),Kids,5.96,14.9
E483327-000,GIRLS Denim Shorts,Kids,5.96,14.9
E488197-000,KIDS Baggy Jorts,Kids,7.96,19.9
E484924-000,GIRLS Jersey Mini Skort,Kids,7.96,19.9
E484064-000,GIRLS Jersey Mini Skort Embroidery,Kids,7.96,19.9
E480971-000,GIRLS Pleated Mini Skort Checked,Kids,3.96,9.9
E478212-000,GIRLS Pleated Mini Skort,Kids,3.96,9.9
E484063-000,GIRLS Dry Sweat Mini Skort,Kids,7.96,19.9
E483329-000,GIRLS Utility Mini Skort,Kids,7.96,19.9
E483407-000,KIDS Geared Shorts,Kids,5.16,12.9
E483412-000,KIDS AIRism Cotton Half Pants,Kids,5.96,14.9
E483340-000,GIRLS Camisole Dress Checked,Kids,5.96,14.9
E483339-000,GIRLS Camisole Dress,Kids,11.96,29.9
E481951-000,KIDS AIRism Micro Mesh Tank Top,Kids,3.96,9.9
E482006-000,GIRLS AIRism Bra,Kids,7.96,19.9
E482015-000,GIRLS AIRism Seamless Shorts 3 Pairs,Kids,5.16,12.9
E478657-000,BOYS AIRism Boxer Briefs 3 Pairs,Kids,5.16,12.9
E481994-000,GIRLS AIRism Cotton Blend Camisole,Kids,3.96,9.9
E478637-000,KIDS HEATTECH Extra Warm Cotton Leggings,Kids,7.96,19.9
E478652-000,KIDS HEATTECH Ultra Warm Leggings,Kids,9.96,24.9
E478634-000,KIDS HEATTECH Ultra Warm Crew Neck T-Shirt,Kids,9.96,24.9
E482000-000,GIRLS Ribbed Bra Tank Top,Kids,7.96,19.9
E482010-000,GIRLS Stretch Cotton Shorts 3 Pairs,Kids,5.16,12.9
E480845-000,GIRLS Cotton Shorts 3 Pairs,Kids,5.16,12.9
E481966-000,BOYS Briefs 3 Pairs,Kids,5.16,12.9
E481965-000,BOYS Boxer Briefs 3 Pairs,Kids,5.16,12.9
E439341-000,BOYS Briefs 3 Pack,Kids,5.16,12.9
E487772-000,KIDS Cotton Inner Tank Top,Kids,3.96,9.9
E481983-000,GIRLS Short Socks 3 Pairs,Kids,3.96,9.9
E481980-000,GIRLS Short Socks 3 Pairs Ribbon,Kids,3.96,9.9
E481978-000,KIDS Short Socks 3 Pairs Line,Kids,3.96,9.9
E478610-000,KIDS Short Socks 3 Pairs,Kids,3.96,9.9
E464284-000,KIDS Short Socks 3 Pairs (Support),Kids,3.96,9.9
E474698-000,GIRLS Socks 3 Pairs,Kids,1.96,4.9
E489414-000,GIRLS Monchhichi UT (Short Sleeve Graphic T-Shirt),Kids,5.96,14.9
E488860-000,GIRLS Light Weight Denim Barrel Jeans,Kids,9.96,24.9
E478346-000,Ribbed One Piece Outfit Long Sleeve Striped,Baby,7.96,19.9
E478345-000,Ribbed One Piece Outfit Long Sleeve,Baby,7.96,19.9
E486090-001,One Piece Outfit Sleeveless,Baby,7.96,19.9
E483021-001,One Piece Outfit Short Sleeve,Baby,7.96,19.9
E485184-001,Bodysuit Long Sleeve (Horse),Baby,3.96,9.9
E481862-001,Bodysuit Long Sleeve Printed,Baby,3.96,9.9
E467379-000,Long Sleeve Bodysuit Pointelle,Baby,3.96,9.9
E481830-001,Bodysuit Short Sleeve Printed,Baby,3.16,7.9
E481772-001,Cotton Mesh Bodysuit Short Sleeve Printed,Baby,3.96,9.9
E481748-001,The Picture Book Bodysuit Short Sleeve,Baby,3.16,7.9
E481745-001,The Picture Book Collection Bodysuit Short Sleeve,Baby,3.16,7.9
E478421-000,The Picture Book Collection Short Sleeve Bodysuit,Baby,3.16,7.9
E467376-000,Short Sleeve Bodysuit (Pointelle),Baby,3.16,7.9
E464515-000,Short Sleeve Bodysuit (Striped),Baby,3.16,7.9
E481764-001,Cotton Mesh Bodysuit Sleeveless,Baby,3.16,7.9
E479597-000,Bib Set 2 Pairs,Baby,5.96,14.9
E483129-000,The Picture Book Collection UT (Short Sleeve Graphic T-Shirt) (miffy),Baby,5.96,14.9
E483127-000,The Picture Book Collection UT (Short Sleeve Graphic T-Shirt) Caterpillar,Baby,5.96,14.9
E485616-000,AIRism Cotton Crew Neck T-Shirt Patch,Baby,5.96,14.9
E481796-000,AIRism Cotton Crew Neck T-Shirt Printed,Baby,5.96,14.9
E481792-000,AIRism Cotton Crew Neck T-Shirt Dinosaur,Baby,5.96,14.9
E485322-000,Easy Shorts Printed,Baby,5.96,14.9
E481790-000,Easy Shorts Frilled,Baby,3.96,9.9
E481788-000,Easy Shorts Striped,Baby,5.96,14.9
E481787-000,Denim Easy Shorts,Baby,5.96,14.9
E481786-000,Easy Shorts Twill,Baby,5.96,14.9
E481887-000,Relaxed Fit Leggings Printed,Baby,3.96,9.9
E481886-000,Relaxed Fit Leggings Ribbed Printed,Baby,3.96,9.9
E481885-000,Relaxed Fit Leggings Ribbed,Baby,3.96,9.9
E469617-000,Relaxed Fit Leggings (Denim Like),Baby,3.96,9.9
E481780-000,AIRism Cropped Leggings Relaxed Fit,Baby,3.96,9.9
E482045-000,UV Protection Mesh Hoodie,Baby,11.96,29.9
E481797-000,AIRism Cotton Crew Neck T-Shirt Flared Patterned,Baby,5.96,14.9
E481794-000,AIRism Cotton Crew Neck T-Shirt Frilled,Baby,3.96,9.9
E484993-000,Sanrio Characters Dry Pajamas Short Sleeve,Baby,7.96,19.9
E487999-000,The Picture Book Collection Pajamas Long Sleeve,Baby,11.96,29.9
E481808-000,Picture Book Dry Pajamas Short Sleeve (miffy),Baby,7.96,19.9
E481807-000,Picture Book Dry Pajamas Short Sleeve (Sena Keiko),Baby,7.96,19.9
E481805-000,Picture Book Dry Pajamas Short Sleeve (Leo Lionni),Baby,7.96,19.9
E485144-001,AIRism Cropped Leggings Relaxed Fit Fruit,Baby,3.96,9.9
E481782-000,AIRism Cropped Leggings Relaxed Fit Striped,Baby,3.96,9.9
E481801-000,Cotton Mesh Tank Top 2 Pairs Striped,Baby,5.96,14.9
E481800-000,Cotton Mesh Tank Top 2 Pairs Printed,Baby,5.96,14.9
E488649-000,BABY Toddler Ut,Baby,5.96,14.9
E484161-000,The Picture Book Collection UT (Short Sleeve Graphic T-Shirt) (Bread Thief),Baby,5.96,14.9
E481810-000,Picture Book Dry Pajamas Short Sleeve (Bread Thief),Baby,7.96,19.9
